{"avg_loss": 0.7730303075578477, "epoch": 0, "_timestamp": 1710046117.547401, "_runtime": 51.463645935058594, "_step": 0, "_wandb": {"runtime": 78}}